sqFt,year,min_from_subway,price
327.0,1969,97,0.27
336.0,1971,97,1.32
380.0,1971,92,1.34
386.0,1972,88,1.54
399.0,1972,85,1.74
399.0,1972,88,1.82
410.0,1972,85,2.18
422.0,1972,85,3.22
425.0,1972,84,3.25
427.0,1973,84,3.79
428.0,1973,83,4.01
436.0,1974,82,4.04
445.0,1974,82,4.09
446.0,1974,82,4.89
448.0,1974,81,4.95
448.0,1974,80,5.25
450.0,1974,79,5.31
451.0,1974,79,5.73
454.0,1974,79,5.85
457.0,1974,78,7.22
460.0,1974,77,7.32
463.0,1974,77,7.34
465.0,1974,76,7.78
467.0,1975,76,7.92
468.0,1975,76,7.97
469.0,1975,76,8.00
469.0,1975,75,8.25
470.0,1975,75,8.55
470.0,1975,75,8.61
471.0,1975,74,8.74
471.0,1975,74,8.81
472.0,1976,74,8.82
473.0,1976,73,9.03
475.0,1976,73,9.07
475.0,1976,73,9.08
476.0,1976,72,9.55
476.0,1976,73,9.56
478.0,1976,72,9.61
478.0,1976,72,9.69
480.0,1976,71,9.97
480.0,1976,71,10.39
480.0,1976,70,10.53
480.0,1976,71,10.94
482.0,1976,70,11.19
482.0,1976,70,11.50
485.0,1976,70,11.59
489.0,1977,70,11.80
493.0,1977,69,11.83
495.0,1977,69,11.87
495.0,1977,69,12.18
497.0,1977,69,12.20
498.0,1977,69,12.24
499.0,1977,69,12.35
500.0,1977,69,12.42
499.0,1977,69,12.42
500.0,1977,69,12.53
503.0,1977,69,12.67
504.0,1977,68,12.80
504.0,1977,68,12.92
510.0,1977,68,13.22
511.0,1977,68,13.26
512.0,1977,68,13.27
513.0,1977,68,13.33
513.0,1977,67,13.35
513.0,1977,67,13.36
514.0,1977,67,13.39
515.0,1977,67,13.41
516.0,1977,67,13.59
517.0,1977,67,13.68
517.0,1977,67,13.80
518.0,1977,67,13.81
518.0,1978,67,13.84
519.0,1978,66,13.85
519.0,1978,66,14.09
520.0,1978,66,14.21
522.0,1978,66,14.22
523.0,1978,66,14.30
524.0,1978,66,14.58
525.0,1978,66,14.61
525.0,1978,66,14.70
525.0,1978,66,14.76
526.0,1978,66,14.85
527.0,1978,66,14.88
528.0,1978,66,14.94
528.0,1978,66,14.97
529.0,1978,65,15.28
529.0,1978,65,15.28
530.0,1978,65,15.29
530.0,1978,65,15.31
531.0,1978,65,15.35
531.0,1978,65,15.38
531.0,1978,65,15.46
531.0,1978,65,15.48
531.0,1978,65,15.51
531.0,1978,65,15.56
532.0,1978,65,15.60
532.0,1979,64,15.73
533.0,1979,64,15.75
533.0,1979,64,15.77
533.0,1979,64,15.77
533.0,1979,64,15.78
534.0,1979,64,15.84
535.0,1979,64,15.99
536.0,1979,64,16.08
536.0,1979,64,16.12
537.0,1979,64,16.13
537.0,1979,64,16.23
537.0,1979,64,16.24
538.0,1979,64,16.25
539.0,1979,63,16.27
539.0,1979,63,16.32
539.0,1979,63,16.37
540.0,1979,63,16.40
540.0,1979,63,16.80
541.0,1979,63,16.85
541.0,1979,63,16.95
541.0,1979,63,16.98
541.0,1979,62,17.07
541.0,1979,63,17.22
542.0,1979,62,17.29
543.0,1979,62,17.30
542.0,1979,62,17.30
543.0,1979,62,17.41
543.0,1979,62,17.54
544.0,1979,62,17.54
545.0,1979,62,17.55
545.0,1979,62,17.56
545.0,1979,62,17.58
546.0,1980,62,17.68
546.0,1979,62,17.70
546.0,1980,62,17.79
547.0,1980,61,17.81
547.0,1980,61,17.85
547.0,1980,61,17.92
547.0,1980,62,17.92
548.0,1980,61,17.95
548.0,1980,61,18.00
548.0,1980,61,18.06
548.0,1980,61,18.12
548.0,1980,61,18.17
549.0,1980,61,18.28
549.0,1980,61,18.30
549.0,1980,61,18.31
550.0,1980,61,18.32
551.0,1980,61,18.38
553.0,1980,61,18.39
551.0,1980,61,18.39
554.0,1980,61,18.40
553.0,1980,61,18.40
554.0,1980,61,18.45
555.0,1980,60,18.51
555.0,1980,61,18.51
555.0,1980,60,18.60
556.0,1980,60,18.61
556.0,1980,60,18.68
556.0,1980,60,18.70
556.0,1980,60,18.80
556.0,1980,60,18.99
557.0,1980,60,19.04
557.0,1980,60,19.17
558.0,1980,60,19.25
558.0,1980,59,19.39
559.0,1980,59,19.39
559.0,1980,59,19.59
559.0,1980,59,19.64
559.0,1980,59,19.65
560.0,1980,59,19.66
560.0,1980,59,19.69
560.0,1980,59,19.78
560.0,1980,58,19.80
560.0,1980,58,19.85
560.0,1980,58,19.95
560.0,1981,58,20.03
560.0,1980,58,20.04
561.0,1981,58,20.07
561.0,1981,58,20.18
561.0,1981,58,20.28
561.0,1981,58,20.29
561.0,1981,58,20.35
561.0,1981,58,20.39
562.0,1981,58,20.49
562.0,1981,58,20.51
562.0,1981,58,20.52
562.0,1981,58,20.56
562.0,1981,58,20.61
563.0,1981,58,20.66
563.0,1981,58,20.66
563.0,1981,58,20.68
563.0,1981,58,20.69
563.0,1981,58,20.77
563.0,1981,58,20.81
564.0,1981,57,20.82
565.0,1981,57,20.82
565.0,1981,57,20.87
565.0,1981,57,20.92
565.0,1981,57,20.93
565.0,1981,57,20.95
566.0,1981,57,21.03
566.0,1981,57,21.04
566.0,1981,57,21.05
567.0,1981,57,21.12
567.0,1981,56,21.18
567.0,1981,57,21.20
567.0,1981,57,21.26
567.0,1981,57,21.30
568.0,1981,56,21.36
568.0,1981,56,21.44
568.0,1981,56,21.44
569.0,1981,56,21.54
568.0,1981,56,21.54
569.0,1981,56,21.57
569.0,1981,56,21.85
570.0,1981,56,21.94
570.0,1981,56,21.94
571.0,1981,56,21.97
570.0,1981,56,21.97
571.0,1981,56,21.98
572.0,1981,56,22.06
572.0,1981,56,22.13
572.0,1981,56,22.16
572.0,1982,55,22.21
573.0,1982,55,22.22
572.0,1981,56,22.22
573.0,1982,55,22.29
573.0,1982,55,22.30
573.0,1982,55,22.34
574.0,1982,55,22.37
574.0,1982,55,22.37
574.0,1982,55,22.40
575.0,1982,55,22.42
574.0,1982,55,22.42
576.0,1982,55,22.46
576.0,1982,55,22.47
576.0,1982,55,22.47
576.0,1982,55,22.48
577.0,1982,55,22.49
577.0,1982,55,22.55
577.0,1982,55,22.56
577.0,1982,55,22.65
577.0,1982,54,22.70
578.0,1982,54,22.80
578.0,1982,54,22.82
578.0,1982,54,22.85
579.0,1982,54,22.90
580.0,1982,54,22.94
580.0,1982,54,22.96
580.0,1982,54,22.96
581.0,1982,54,22.97
581.0,1982,54,23.01
581.0,1982,54,23.02
581.0,1982,54,23.04
582.0,1982,54,23.17
583.0,1982,54,23.22
583.0,1982,54,23.24
583.0,1982,54,23.24
583.0,1982,54,23.25
583.0,1982,54,23.26
584.0,1982,53,23.28
584.0,1982,53,23.28
584.0,1982,54,23.38
584.0,1982,53,23.42
584.0,1982,53,23.42
584.0,1982,53,23.43
585.0,1982,53,23.44
585.0,1982,53,23.51
585.0,1982,53,23.57
585.0,1982,53,23.60
585.0,1982,53,23.63
586.0,1982,53,23.66
586.0,1982,53,23.68
586.0,1982,53,23.71
587.0,1982,53,23.75
587.0,1982,53,23.76
587.0,1982,53,23.77
587.0,1982,53,23.78
588.0,1982,53,23.89
588.0,1982,53,23.90
588.0,1982,53,23.96
589.0,1982,52,24.01
589.0,1982,52,24.02
589.0,1982,52,24.03
589.0,1982,52,24.13
589.0,1982,53,24.16
589.0,1982,52,24.17
590.0,1983,52,24.26
590.0,1983,52,24.27
591.0,1983,52,24.28
591.0,1983,52,24.28
592.0,1983,52,24.41
592.0,1983,52,24.44
592.0,1983,52,24.47
592.0,1983,52,24.55
592.0,1983,52,24.57
593.0,1983,52,24.62
593.0,1983,52,24.69
593.0,1983,52,24.71
593.0,1983,52,24.78
594.0,1983,52,24.79
594.0,1983,51,24.80
594.0,1983,52,24.85
594.0,1983,52,24.91
595.0,1983,51,24.95
596.0,1983,51,25.01
596.0,1983,51,25.03
596.0,1983,51,25.03
596.0,1983,51,25.04
596.0,1983,51,25.11
597.0,1983,51,25.14
597.0,1983,51,25.19
598.0,1983,51,25.21
598.0,1983,51,25.23
598.0,1983,51,25.23
598.0,1983,51,25.24
598.0,1983,51,25.26
598.0,1983,51,25.33
598.0,1983,51,25.39
598.0,1983,51,25.40
598.0,1983,51,25.42
598.0,1983,51,25.43
598.0,1983,51,25.44
599.0,1983,51,25.48
599.0,1983,50,25.55
599.0,1983,51,25.57
599.0,1983,50,25.57
599.0,1983,50,25.58
599.0,1983,50,25.60
599.0,1983,50,25.60
600.0,1983,50,25.62
600.0,1983,50,25.67
600.0,1983,50,25.68
600.0,1983,50,25.70
600.0,1983,50,25.70
601.0,1983,50,25.73
601.0,1983,50,25.74
601.0,1983,50,25.79
601.0,1983,50,25.79
601.0,1983,50,25.85
601.0,1983,50,25.87
601.0,1983,50,25.88
602.0,1983,50,25.89
602.0,1983,49,25.94
602.0,1983,49,26.01
602.0,1983,50,26.03
602.0,1983,50,26.04
602.0,1983,49,26.08
603.0,1983,49,26.09
602.0,1983,49,26.09
603.0,1983,49,26.13
603.0,1983,49,26.13
603.0,1983,49,26.14
604.0,1983,49,26.17
604.0,1983,49,26.20
604.0,1983,49,26.22
604.0,1983,49,26.23
604.0,1983,49,26.28
605.0,1983,49,26.32
605.0,1983,49,26.41
605.0,1983,49,26.42
605.0,1983,49,26.45
606.0,1983,49,26.61
606.0,1983,49,26.68
606.0,1983,49,26.69
606.0,1983,49,26.73
606.0,1983,49,26.76
606.0,1983,49,26.79
606.0,1983,49,26.80
606.0,1983,49,26.84
606.0,1983,49,26.84
607.0,1984,49,26.90
607.0,1984,49,26.90
607.0,1984,49,26.99
607.0,1984,49,27.09
607.0,1983,49,27.12
607.0,1984,49,27.13
607.0,1984,49,27.14
607.0,1983,49,27.16
607.0,1984,49,27.19
608.0,1984,48,27.20
608.0,1984,48,27.22
608.0,1984,48,27.27
608.0,1984,48,27.29
608.0,1984,48,27.31
608.0,1984,48,27.36
609.0,1984,48,27.38
609.0,1984,48,27.40
610.0,1984,48,27.44
609.0,1984,48,27.44
610.0,1984,48,27.45
610.0,1984,48,27.46
610.0,1984,48,27.47
611.0,1984,48,27.51
611.0,1984,48,27.58
611.0,1984,48,27.58
611.0,1984,48,27.61
611.0,1984,48,27.66
612.0,1984,48,27.73
612.0,1984,48,27.73
612.0,1984,48,27.74
612.0,1984,48,27.74
613.0,1984,48,27.77
612.0,1984,48,27.77
613.0,1984,48,27.84
613.0,1984,48,27.84
613.0,1984,48,27.88
613.0,1984,48,27.92
613.0,1984,48,27.93
614.0,1984,48,27.95
614.0,1984,48,27.97
614.0,1984,48,27.98
614.0,1984,48,28.00
614.0,1984,48,28.04
614.0,1984,48,28.07
614.0,1984,47,28.19
614.0,1984,48,28.20
614.0,1984,47,28.27
615.0,1984,47,28.30
614.0,1984,47,28.30
615.0,1984,47,28.34
615.0,1984,47,28.35
615.0,1984,47,28.35
615.0,1984,47,28.35
615.0,1984,47,28.36
616.0,1984,47,28.40
616.0,1984,47,28.40
616.0,1984,47,28.41
617.0,1984,47,28.43
617.0,1984,47,28.47
617.0,1984,47,28.48
617.0,1984,47,28.51
617.0,1984,47,28.52
617.0,1984,47,28.54
618.0,1984,47,28.56
618.0,1984,47,28.56
618.0,1984,47,28.57
618.0,1984,47,28.58
618.0,1984,47,28.59
618.0,1984,47,28.71
619.0,1984,47,28.73
619.0,1985,47,28.75
619.0,1985,47,28.78
619.0,1984,47,28.79
619.0,1985,47,28.85
620.0,1985,46,28.88
620.0,1985,46,28.90
620.0,1985,46,28.90
620.0,1985,46,28.92
620.0,1985,46,28.96
621.0,1985,46,28.97
621.0,1985,46,28.97
621.0,1985,46,28.99
621.0,1985,46,29.00
622.0,1985,46,29.06
621.0,1985,46,29.06
622.0,1985,46,29.10
622.0,1985,46,29.13
622.0,1985,46,29.15
622.0,1985,46,29.17
622.0,1985,46,29.21
623.0,1985,46,29.26
622.0,1985,46,29.26
623.0,1985,46,29.27
623.0,1985,46,29.31
624.0,1985,46,29.32
623.0,1985,46,29.32
624.0,1985,46,29.34
625.0,1985,46,29.35
624.0,1985,46,29.35
625.0,1985,46,29.36
625.0,1985,46,29.39
625.0,1985,46,29.42
625.0,1985,46,29.47
626.0,1985,46,29.48
626.0,1985,46,29.48
626.0,1985,46,29.52
626.0,1985,46,29.57
626.0,1985,46,29.59
626.0,1985,46,29.65
627.0,1985,46,29.67
626.0,1985,46,29.67
627.0,1985,46,29.69
627.0,1985,46,29.70
627.0,1985,46,29.75
627.0,1985,46,29.76
627.0,1985,46,29.80
628.0,1985,46,29.81
628.0,1985,45,29.83
628.0,1985,45,29.83
628.0,1985,45,29.83
628.0,1985,45,29.89
628.0,1985,45,29.92
628.0,1985,45,29.97
630.0,1985,45,29.99
630.0,1985,45,30.00
630.0,1985,45,30.02
630.0,1985,45,30.04
630.0,1985,45,30.05
631.0,1985,45,30.06
631.0,1985,45,30.08
631.0,1985,45,30.09
632.0,1985,45,30.11
632.0,1985,45,30.13
632.0,1985,45,30.17
632.0,1985,45,30.19
632.0,1985,45,30.20
632.0,1985,45,30.21
633.0,1985,45,30.22
633.0,1985,45,30.35
633.0,1985,45,30.37
633.0,1985,45,30.39
633.0,1985,45,30.42
633.0,1985,45,30.45
633.0,1985,45,30.46
633.0,1985,45,30.46
633.0,1985,45,30.48
634.0,1985,45,30.50
634.0,1986,45,30.53
634.0,1986,45,30.56
634.0,1986,45,30.61
634.0,1986,45,30.62
634.0,1985,45,30.64
634.0,1986,45,30.65
634.0,1985,45,30.66
635.0,1986,45,30.67
635.0,1986,45,30.68
635.0,1986,44,30.74
635.0,1986,44,30.74
635.0,1986,44,30.79
635.0,1986,44,30.80
636.0,1986,44,30.81
636.0,1986,44,30.83
636.0,1986,44,30.83
636.0,1986,44,30.85
636.0,1986,44,30.88
636.0,1986,44,30.88
637.0,1986,44,30.89
637.0,1986,44,30.90
637.0,1986,44,30.90
637.0,1986,44,30.90
637.0,1986,44,30.93
637.0,1986,44,30.94
637.0,1986,44,30.95
637.0,1986,44,30.98
638.0,1986,44,31.00
638.0,1986,44,31.03
638.0,1986,44,31.09
638.0,1986,44,31.12
638.0,1986,44,31.12
638.0,1986,44,31.16
638.0,1986,44,31.24
639.0,1986,44,31.25
638.0,1986,44,31.25
639.0,1986,44,31.28
639.0,1986,43,31.34
639.0,1986,44,31.34
639.0,1986,44,31.34
639.0,1986,44,31.35
639.0,1986,44,31.39
639.0,1986,43,31.42
640.0,1986,43,31.49
640.0,1986,43,31.51
640.0,1986,43,31.56
640.0,1986,43,31.56
641.0,1986,43,31.58
641.0,1986,43,31.59
641.0,1986,43,31.60
641.0,1986,43,31.60
641.0,1986,43,31.68
641.0,1986,43,31.70
641.0,1986,43,31.70
641.0,1986,43,31.71
641.0,1986,43,31.84
642.0,1986,43,31.85
642.0,1986,43,31.86
642.0,1986,43,31.87
642.0,1986,43,31.89
642.0,1986,43,31.90
642.0,1986,43,31.94
642.0,1986,43,31.94
643.0,1986,43,31.96
643.0,1986,43,32.01
643.0,1986,43,32.02
643.0,1986,43,32.03
643.0,1986,43,32.04
643.0,1986,43,32.05
644.0,1986,43,32.10
643.0,1986,43,32.10
644.0,1986,43,32.12
644.0,1986,43,32.12
644.0,1986,43,32.13
644.0,1986,42,32.14
644.0,1986,42,32.18
644.0,1986,42,32.19
644.0,1986,42,32.20
644.0,1986,42,32.21
645.0,1986,42,32.23
645.0,1986,42,32.23
645.0,1986,42,32.26
645.0,1986,42,32.27
645.0,1986,42,32.28
645.0,1986,42,32.30
645.0,1986,42,32.34
646.0,1986,42,32.37
646.0,1986,42,32.42
646.0,1986,42,32.45
646.0,1986,42,32.46
646.0,1986,42,32.47
646.0,1986,42,32.51
646.0,1986,42,32.54
646.0,1986,42,32.54
646.0,1986,42,32.64
647.0,1986,42,32.65
647.0,1987,42,32.66
647.0,1986,42,32.66
647.0,1987,42,32.67
647.0,1986,42,32.69
647.0,1986,42,32.74
647.0,1986,42,32.76
647.0,1986,42,32.77
648.0,1987,42,32.78
648.0,1987,42,32.80
648.0,1987,42,32.83
648.0,1987,42,32.84
648.0,1987,42,32.84
648.0,1987,42,32.85
648.0,1987,42,32.85
649.0,1987,42,32.89
649.0,1987,41,32.89
649.0,1987,42,32.89
649.0,1987,41,32.89
649.0,1987,41,32.90
650.0,1987,41,32.96
650.0,1987,41,33.02
650.0,1987,41,33.04
650.0,1987,41,33.07
650.0,1987,41,33.08
650.0,1987,41,33.08
651.0,1987,41,33.09
651.0,1987,41,33.11
651.0,1987,41,33.15
651.0,1987,41,33.17
651.0,1987,41,33.17
651.0,1987,41,33.20
652.0,1987,41,33.29
651.0,1987,41,33.29
652.0,1987,41,33.29
652.0,1987,41,33.31
653.0,1987,41,33.36
653.0,1987,41,33.37
653.0,1987,41,33.43
653.0,1987,41,33.49
654.0,1987,41,33.54
654.0,1987,41,33.60
654.0,1987,41,33.65
654.0,1987,41,33.66
654.0,1987,41,33.69
655.0,1987,41,33.70
654.0,1987,41,33.70
655.0,1987,41,33.71
655.0,1987,41,33.77
655.0,1987,41,33.79
655.0,1987,41,33.80
655.0,1987,41,33.81
655.0,1987,41,33.83
656.0,1987,41,33.85
656.0,1987,41,33.87
656.0,1987,41,33.94
656.0,1987,41,33.96
656.0,1987,41,33.97
657.0,1987,40,33.98
657.0,1987,40,34.00
657.0,1987,40,34.01
657.0,1987,40,34.02
657.0,1987,40,34.04
657.0,1987,41,34.06
657.0,1987,40,34.16
657.0,1987,40,34.20
658.0,1987,40,34.22
658.0,1987,40,34.25
658.0,1987,40,34.32
658.0,1987,40,34.39
658.0,1987,40,34.43
658.0,1987,40,34.45
658.0,1987,40,34.45
658.0,1987,40,34.51
658.0,1987,40,34.55
659.0,1987,40,34.56
659.0,1987,40,34.57
659.0,1987,40,34.58
659.0,1987,40,34.64
660.0,1987,40,34.65
660.0,1987,40,34.69
660.0,1987,40,34.70
660.0,1987,40,34.71
660.0,1987,40,34.74
660.0,1987,40,34.75
660.0,1987,40,34.76
660.0,1987,40,34.79
661.0,1987,40,34.82
661.0,1987,40,34.82
661.0,1987,40,34.82
661.0,1987,40,34.85
661.0,1987,40,34.87
661.0,1987,40,34.88
661.0,1987,40,34.88
661.0,1987,40,34.90
662.0,1987,39,34.91
662.0,1987,39,35.02
662.0,1987,39,35.04
662.0,1987,39,35.05
662.0,1987,39,35.06
663.0,1987,39,35.07
663.0,1987,39,35.08
663.0,1987,39,35.11
663.0,1987,39,35.12
663.0,1987,39,35.12
664.0,1987,39,35.16
664.0,1987,39,35.23
664.0,1987,39,35.25
664.0,1987,39,35.26
664.0,1987,39,35.26
664.0,1987,39,35.27
665.0,1987,39,35.29
665.0,1987,39,35.31
665.0,1987,39,35.41
666.0,1987,39,35.45
666.0,1988,39,35.48
666.0,1988,39,35.49
666.0,1988,39,35.50
666.0,1988,39,35.53
666.0,1988,39,35.54
667.0,1988,39,35.56
666.0,1988,39,35.56
666.0,1988,39,35.56
667.0,1988,38,35.57
667.0,1988,39,35.60
667.0,1988,38,35.62
667.0,1988,38,35.69
667.0,1988,38,35.69
667.0,1988,39,35.71
668.0,1988,38,35.73
667.0,1988,38,35.73
668.0,1988,38,35.78
668.0,1988,38,35.79
668.0,1988,38,35.80
668.0,1988,38,35.80
668.0,1988,38,35.82
668.0,1988,38,35.83
668.0,1988,38,35.84
669.0,1988,38,35.86
669.0,1988,38,35.87
669.0,1988,38,35.87
669.0,1988,38,35.88
669.0,1988,38,35.88
669.0,1988,38,35.94
669.0,1988,38,35.97
669.0,1988,38,35.99
669.0,1988,38,36.01
669.0,1988,38,36.01
670.0,1988,38,36.02
670.0,1988,38,36.14
670.0,1988,38,36.17
670.0,1988,38,36.18
670.0,1988,38,36.19
670.0,1988,38,36.26
671.0,1988,38,36.33
670.0,1988,38,36.33
671.0,1988,38,36.34
671.0,1988,38,36.35
671.0,1988,38,36.41
671.0,1988,38,36.43
671.0,1988,38,36.52
671.0,1988,38,36.52
671.0,1988,38,36.53
671.0,1988,38,36.60
672.0,1988,38,36.61
672.0,1988,38,36.61
672.0,1988,37,36.61
673.0,1988,37,36.62
673.0,1988,37,36.63
673.0,1988,37,36.65
673.0,1988,37,36.66
673.0,1988,37,36.70
674.0,1988,37,36.71
674.0,1988,37,36.73
674.0,1988,37,36.73
674.0,1988,37,36.79
674.0,1988,37,36.81
674.0,1988,37,36.83
675.0,1988,37,36.84
675.0,1988,37,36.84
675.0,1988,37,36.89
675.0,1988,37,36.89
675.0,1988,37,36.97
675.0,1988,37,36.99
675.0,1988,37,37.03
675.0,1988,37,37.03
675.0,1988,37,37.05
676.0,1988,37,37.08
676.0,1988,37,37.09
676.0,1988,37,37.11
676.0,1988,37,37.15
676.0,1988,37,37.16
676.0,1988,37,37.17
676.0,1988,37,37.19
676.0,1988,37,37.21
676.0,1988,37,37.23
676.0,1988,37,37.25
676.0,1988,37,37.25
676.0,1988,37,37.28
676.0,1988,37,37.29
676.0,1988,37,37.31
677.0,1988,37,37.33
677.0,1988,37,37.36
677.0,1988,36,37.37
677.0,1988,36,37.37
677.0,1988,37,37.38
677.0,1988,37,37.40
677.0,1988,36,37.41
677.0,1988,36,37.41
677.0,1988,36,37.44
678.0,1988,36,37.45
677.0,1988,36,37.45
678.0,1988,36,37.46
678.0,1988,36,37.47
678.0,1988,36,37.52
678.0,1988,36,37.53
678.0,1988,36,37.54
678.0,1988,36,37.54
678.0,1988,36,37.57
679.0,1988,36,37.58
679.0,1988,36,37.61
679.0,1988,36,37.61
679.0,1988,36,37.64
679.0,1988,36,37.64
679.0,1988,36,37.65
679.0,1988,36,37.66
679.0,1988,36,37.67
679.0,1988,36,37.67
679.0,1988,36,37.68
680.0,1988,36,37.72
680.0,1988,36,37.72
680.0,1988,36,37.74
680.0,1988,36,37.74
681.0,1989,36,37.75
681.0,1989,36,37.75
680.0,1988,36,37.75
681.0,1989,36,37.76
681.0,1988,36,37.80
681.0,1988,36,37.84
681.0,1988,36,37.85
682.0,1989,36,37.87
681.0,1989,36,37.87
682.0,1989,36,37.89
682.0,1989,36,37.92
682.0,1989,36,37.93
682.0,1989,36,37.95
682.0,1989,36,37.95
682.0,1989,36,38.00
682.0,1989,36,38.01
682.0,1989,36,38.02
682.0,1989,36,38.03
682.0,1989,36,38.05
682.0,1989,35,38.05
683.0,1989,35,38.06
683.0,1989,35,38.07
683.0,1989,35,38.08
683.0,1989,35,38.10
683.0,1989,35,38.10
683.0,1989,35,38.11
683.0,1989,35,38.13
683.0,1989,35,38.18
683.0,1989,35,38.20
683.0,1989,35,38.21
683.0,1989,35,38.21
683.0,1989,35,38.22
684.0,1989,35,38.23
684.0,1989,35,38.23
684.0,1989,35,38.27
684.0,1989,35,38.29
684.0,1989,35,38.31
684.0,1989,35,38.32
685.0,1989,35,38.34
685.0,1989,35,38.36
685.0,1989,35,38.37
685.0,1989,35,38.38
685.0,1989,35,38.38
685.0,1989,35,38.41
685.0,1989,35,38.41
685.0,1989,35,38.44
685.0,1989,35,38.48
685.0,1989,35,38.51
686.0,1989,35,38.52
685.0,1989,35,38.52
686.0,1989,35,38.56
686.0,1989,35,38.60
686.0,1989,35,38.60
686.0,1989,35,38.67
686.0,1989,35,38.68
686.0,1989,35,38.72
687.0,1989,35,38.74
687.0,1989,35,38.74
687.0,1989,34,38.74
687.0,1989,34,38.78
687.0,1989,35,38.86
687.0,1989,34,38.87
687.0,1989,34,38.88
688.0,1989,34,38.89
687.0,1989,34,38.89
688.0,1989,34,38.90
688.0,1989,34,38.91
688.0,1989,34,38.95
688.0,1989,34,38.95
688.0,1989,34,38.95
688.0,1989,34,38.97
688.0,1989,34,38.99
688.0,1989,34,39.02
688.0,1989,34,39.06
688.0,1989,34,39.06
688.0,1989,34,39.08
689.0,1989,34,39.14
688.0,1989,34,39.14
689.0,1989,34,39.15
689.0,1989,34,39.15
689.0,1989,34,39.19
689.0,1989,34,39.23
689.0,1989,34,39.24
689.0,1989,34,39.24
689.0,1989,34,39.28
690.0,1989,34,39.30
690.0,1989,34,39.32
690.0,1989,34,39.33
690.0,1989,34,39.33
690.0,1989,34,39.35
691.0,1989,34,39.36
691.0,1989,34,39.37
691.0,1989,34,39.41
691.0,1989,34,39.42
691.0,1989,34,39.44
691.0,1989,34,39.44
691.0,1989,34,39.47
691.0,1989,34,39.52
691.0,1989,34,39.59
691.0,1989,34,39.61
691.0,1989,34,39.65
691.0,1989,33,39.65
692.0,1989,33,39.66
692.0,1989,33,39.67
692.0,1989,33,39.69
692.0,1989,33,39.71
692.0,1989,33,39.75
692.0,1989,33,39.79
692.0,1989,33,39.79
692.0,1989,33,39.83
692.0,1989,33,39.89
693.0,1989,33,39.91
693.0,1989,33,39.93
693.0,1989,33,39.94
693.0,1989,33,39.97
693.0,1989,33,39.99
693.0,1989,33,40.03
693.0,1989,33,40.05
693.0,1989,33,40.08
693.0,1989,33,40.10
694.0,1990,33,40.11
693.0,1989,33,40.11
694.0,1990,33,40.12
694.0,1990,33,40.15
694.0,1990,33,40.17
694.0,1990,33,40.18
694.0,1990,33,40.18
694.0,1990,33,40.18
694.0,1990,33,40.19
694.0,1990,33,40.19
694.0,1990,33,40.21
694.0,1990,33,40.22
695.0,1990,33,40.28
695.0,1990,33,40.31
695.0,1990,33,40.31
695.0,1990,33,40.32
695.0,1990,33,40.34
695.0,1990,33,40.38
695.0,1990,33,40.39
696.0,1990,33,40.40
696.0,1990,33,40.41
696.0,1990,33,40.47
696.0,1990,32,40.47
696.0,1990,32,40.50
696.0,1990,33,40.55
696.0,1990,33,40.55
696.0,1990,33,40.56
697.0,1990,32,40.57
697.0,1990,32,40.58
697.0,1990,32,40.61
697.0,1990,32,40.62
697.0,1990,32,40.62
697.0,1990,32,40.63
697.0,1990,32,40.64
698.0,1990,32,40.65
698.0,1990,32,40.70
698.0,1990,32,40.71
698.0,1990,32,40.72
698.0,1990,32,40.72
698.0,1990,32,40.76
698.0,1990,32,40.76
698.0,1990,32,40.77
698.0,1990,32,40.78
698.0,1990,32,40.78
698.0,1990,32,40.81
699.0,1990,32,40.84
699.0,1990,32,40.87
699.0,1990,32,40.91
699.0,1990,32,40.93
699.0,1990,32,40.94
699.0,1990,32,40.95
700.0,1990,32,40.96
700.0,1990,32,40.96
699.0,1990,32,40.96
700.0,1990,32,40.99
700.0,1990,32,41.02
700.0,1990,32,41.05
700.0,1990,32,41.05
700.0,1990,32,41.07
700.0,1990,32,41.12
700.0,1990,32,41.12
700.0,1990,32,41.14
700.0,1990,32,41.16
700.0,1990,32,41.20
700.0,1990,32,41.20
700.0,1990,32,41.20
700.0,1990,32,41.25
700.0,1990,32,41.26
700.0,1990,32,41.27
701.0,1990,32,41.28
701.0,1990,32,41.30
701.0,1990,32,41.31
701.0,1990,31,41.32
701.0,1990,31,41.32
701.0,1990,32,41.37
701.0,1990,32,41.38
702.0,1990,31,41.40
702.0,1990,31,41.42
702.0,1990,31,41.49
702.0,1990,31,41.50
702.0,1990,31,41.52
702.0,1990,31,41.52
702.0,1990,31,41.57
702.0,1990,31,41.62
702.0,1990,31,41.63
703.0,1990,31,41.65
703.0,1990,31,41.65
703.0,1990,31,41.71
703.0,1990,31,41.71
703.0,1990,31,41.73
704.0,1990,31,41.74
704.0,1990,31,41.74
704.0,1990,31,41.74
704.0,1990,31,41.76
704.0,1990,31,41.77
704.0,1990,31,41.79
704.0,1990,31,41.79
704.0,1990,31,41.79
704.0,1990,31,41.81
704.0,1990,31,41.83
705.0,1991,31,41.84
705.0,1991,31,41.86
705.0,1991,31,41.87
705.0,1990,31,41.88
705.0,1991,31,41.88
705.0,1991,31,41.88
706.0,1991,31,41.91
705.0,1991,31,41.91
706.0,1991,30,41.92
706.0,1991,30,41.92
706.0,1991,30,41.93
706.0,1991,31,41.94
706.0,1991,31,41.94
706.0,1991,30,41.95
706.0,1991,31,41.96
706.0,1991,31,41.96
706.0,1991,30,41.96
706.0,1991,30,41.98
707.0,1991,30,42.00
707.0,1991,30,42.03
707.0,1991,30,42.05
707.0,1991,30,42.05
707.0,1991,30,42.06
707.0,1991,30,42.10
707.0,1991,30,42.10
708.0,1991,30,42.11
708.0,1991,30,42.12
708.0,1991,30,42.18
708.0,1991,30,42.18
708.0,1991,30,42.19
708.0,1991,30,42.28
709.0,1991,30,42.29
709.0,1991,30,42.29
709.0,1991,30,42.30
709.0,1991,30,42.32
709.0,1991,30,42.34
709.0,1991,30,42.35
710.0,1991,30,42.39
710.0,1991,30,42.39
710.0,1991,30,42.39
710.0,1991,30,42.39
710.0,1991,30,42.40
710.0,1991,30,42.44
711.0,1991,30,42.45
711.0,1991,30,42.45
711.0,1991,30,42.46
712.0,1991,30,42.50
712.0,1991,30,42.51
712.0,1991,30,42.52
712.0,1991,30,42.56
713.0,1991,30,42.57
712.0,1991,30,42.57
712.0,1991,30,42.57
713.0,1991,30,42.58
713.0,1991,29,42.59
713.0,1991,29,42.59
713.0,1991,30,42.64
713.0,1991,29,42.64
713.0,1991,29,42.68
713.0,1991,30,42.68
714.0,1991,29,42.69
714.0,1991,29,42.69
714.0,1991,29,42.72
714.0,1991,29,42.72
714.0,1991,29,42.73
715.0,1991,29,42.88
714.0,1991,29,42.88
715.0,1991,29,42.89
715.0,1991,29,42.92
715.0,1991,29,42.94
715.0,1991,29,42.95
715.0,1991,29,42.98
715.0,1991,29,42.99
716.0,1991,29,43.00
716.0,1991,29,43.03
716.0,1991,29,43.08
716.0,1991,29,43.14
716.0,1991,29,43.14
716.0,1991,29,43.15
716.0,1991,29,43.17
716.0,1991,29,43.18
716.0,1991,29,43.22
717.0,1991,29,43.23
717.0,1991,29,43.25
717.0,1991,29,43.28
717.0,1991,29,43.30
717.0,1991,29,43.31
717.0,1991,29,43.32
717.0,1991,29,43.32
717.0,1991,29,43.34
717.0,1991,29,43.36
717.0,1991,29,43.37
717.0,1991,29,43.39
718.0,1991,29,43.41
718.0,1991,28,43.41
718.0,1991,28,43.42
718.0,1991,28,43.42
719.0,1991,28,43.46
719.0,1991,28,43.47
719.0,1991,28,43.47
719.0,1991,28,43.54
719.0,1991,28,43.59
719.0,1991,28,43.61
719.0,1991,28,43.61
719.0,1991,28,43.63
719.0,1991,28,43.63
719.0,1991,28,43.65
720.0,1991,28,43.72
720.0,1991,28,43.73
720.0,1991,28,43.74
720.0,1991,28,43.77
720.0,1991,28,43.78
720.0,1991,28,43.79
720.0,1991,28,43.80
720.0,1991,28,43.81
720.0,1991,28,43.82
720.0,1991,28,43.83
721.0,1992,28,43.84
721.0,1992,28,43.88
721.0,1991,28,43.89
721.0,1991,28,43.90
721.0,1992,28,43.91
721.0,1992,28,43.92
721.0,1992,28,43.92
721.0,1991,28,43.95
721.0,1992,28,43.95
721.0,1992,28,43.96
722.0,1992,28,43.98
722.0,1992,28,43.99
722.0,1992,28,43.99
722.0,1992,28,44.01
722.0,1992,28,44.03
722.0,1992,28,44.06
722.0,1992,28,44.12
722.0,1992,28,44.24
723.0,1992,27,44.25
723.0,1992,27,44.26
723.0,1992,27,44.27
723.0,1992,27,44.29
723.0,1992,27,44.31
723.0,1992,28,44.32
723.0,1992,27,44.38
723.0,1992,27,44.39
723.0,1992,27,44.45
723.0,1992,27,44.47
724.0,1992,27,44.48
724.0,1992,27,44.50
724.0,1992,27,44.51
724.0,1992,27,44.52
724.0,1992,27,44.53
725.0,1992,27,44.58
725.0,1992,27,44.59
725.0,1992,27,44.62
725.0,1992,27,44.64
725.0,1992,27,44.64
725.0,1992,27,44.65
725.0,1992,27,44.65
725.0,1992,27,44.67
726.0,1992,27,44.71
726.0,1992,27,44.71
726.0,1992,27,44.75
726.0,1992,27,44.75
726.0,1992,27,44.76
726.0,1992,27,44.82
726.0,1992,27,44.87
726.0,1992,27,44.87
727.0,1992,27,44.88
727.0,1992,27,44.88
727.0,1992,27,44.89
727.0,1992,27,44.92
727.0,1992,27,44.93
727.0,1992,27,44.94
727.0,1992,27,44.94
728.0,1992,27,44.95
728.0,1992,27,44.95
728.0,1992,27,45.03
728.0,1992,27,45.07
728.0,1992,27,45.09
728.0,1992,27,45.09
728.0,1992,27,45.10
728.0,1992,27,45.10
729.0,1992,26,45.11
729.0,1992,26,45.13
729.0,1992,27,45.14
729.0,1992,26,45.14
729.0,1992,26,45.19
729.0,1992,26,45.21
729.0,1992,26,45.24
729.0,1992,26,45.24
729.0,1992,27,45.26
729.0,1992,26,45.26
729.0,1992,26,45.29
730.0,1992,26,45.32
730.0,1992,26,45.32
730.0,1992,26,45.35
730.0,1992,26,45.36
730.0,1992,26,45.39
730.0,1992,26,45.41
731.0,1992,26,45.46
731.0,1992,26,45.52
731.0,1992,26,45.52
731.0,1992,26,45.55
731.0,1992,26,45.55
731.0,1992,26,45.56
731.0,1992,26,45.60
732.0,1992,26,45.61
732.0,1992,26,45.63
732.0,1992,26,45.66
732.0,1992,26,45.67
732.0,1992,26,45.68
733.0,1992,26,45.72
732.0,1992,26,45.72
733.0,1992,26,45.76
733.0,1993,26,45.76
733.0,1992,26,45.78
733.0,1992,26,45.79
733.0,1992,26,45.81
733.0,1992,26,45.84
733.0,1992,26,45.86
733.0,1992,26,45.86
734.0,1993,26,45.87
734.0,1993,25,45.89
734.0,1993,25,45.99
734.0,1993,26,45.99
734.0,1993,26,46.01
734.0,1993,26,46.04
734.0,1993,25,46.04
734.0,1993,26,46.05
734.0,1993,26,46.05
735.0,1993,25,46.06
734.0,1993,25,46.06
735.0,1993,25,46.11
735.0,1993,25,46.11
736.0,1993,25,46.15
736.0,1993,25,46.15
735.0,1993,25,46.15
735.0,1993,25,46.15
736.0,1993,25,46.19
736.0,1993,25,46.22
736.0,1993,25,46.23
736.0,1993,25,46.25
736.0,1993,25,46.34
736.0,1993,25,46.38
737.0,1993,25,46.39
737.0,1993,25,46.45
737.0,1993,25,46.46
737.0,1993,25,46.46
737.0,1993,25,46.59
738.0,1993,25,46.60
738.0,1993,25,46.60
738.0,1993,25,46.61
738.0,1993,25,46.61
738.0,1993,25,46.62
738.0,1993,25,46.63
739.0,1993,25,46.64
739.0,1993,25,46.65
739.0,1993,25,46.67
739.0,1993,25,46.69
739.0,1993,25,46.69
740.0,1993,25,46.70
739.0,1993,25,46.70
740.0,1993,25,46.72
740.0,1993,25,46.75
740.0,1993,25,46.76
740.0,1993,25,46.77
740.0,1993,25,46.77
740.0,1993,25,46.78
741.0,1993,25,46.80
741.0,1993,24,46.81
741.0,1993,24,46.84
741.0,1993,24,46.86
741.0,1993,25,46.86
741.0,1993,25,46.87
741.0,1993,25,46.90
741.0,1993,25,46.91
741.0,1993,25,46.92
741.0,1993,24,46.97
741.0,1993,24,46.97
742.0,1993,24,47.01
742.0,1993,24,47.01
742.0,1993,24,47.01
742.0,1993,24,47.04
742.0,1993,24,47.04
742.0,1993,24,47.05
743.0,1993,24,47.06
742.0,1993,24,47.06
743.0,1993,24,47.07
743.0,1993,24,47.11
743.0,1993,24,47.15
743.0,1993,24,47.19
744.0,1993,24,47.20
743.0,1993,24,47.20
744.0,1993,24,47.25
744.0,1993,24,47.25
744.0,1993,24,47.25
744.0,1993,24,47.27
744.0,1993,24,47.27
744.0,1993,24,47.27
745.0,1993,24,47.28
744.0,1993,24,47.28
745.0,1993,24,47.29
745.0,1993,24,47.30
745.0,1993,24,47.33
746.0,1993,24,47.34
746.0,1993,24,47.36
746.0,1993,24,47.37
746.0,1993,24,47.39
746.0,1993,24,47.41
746.0,1993,24,47.41
746.0,1993,23,47.45
746.0,1993,24,47.46
747.0,1993,23,47.47
746.0,1993,24,47.47
747.0,1993,23,47.48
747.0,1994,23,47.49
747.0,1994,23,47.49
747.0,1994,23,47.54
747.0,1993,23,47.54
747.0,1993,23,47.61
747.0,1994,23,47.66
747.0,1994,23,47.70
747.0,1994,23,47.70
748.0,1994,23,47.71
747.0,1994,23,47.71
748.0,1994,23,47.72
748.0,1994,23,47.72
748.0,1994,23,47.76
748.0,1994,23,47.77
748.0,1994,23,47.78
748.0,1994,23,47.83
748.0,1994,23,47.85
748.0,1994,23,47.86
749.0,1994,23,47.88
749.0,1994,23,47.88
749.0,1994,23,47.89
749.0,1994,23,47.91
749.0,1994,23,47.92
749.0,1994,23,47.96
750.0,1994,23,48.03
750.0,1994,23,48.03
749.0,1994,23,48.03
750.0,1994,23,48.08
750.0,1994,23,48.08
750.0,1994,23,48.09
751.0,1994,23,48.10
750.0,1994,23,48.10
751.0,1994,22,48.20
751.0,1994,23,48.22
751.0,1994,22,48.22
751.0,1994,23,48.28
751.0,1994,23,48.31
751.0,1994,23,48.32
752.0,1994,22,48.35
752.0,1994,22,48.35
752.0,1994,22,48.36
752.0,1994,22,48.37
753.0,1994,22,48.39
753.0,1994,22,48.42
753.0,1994,22,48.50
753.0,1994,22,48.52
753.0,1994,22,48.53
753.0,1994,22,48.57
754.0,1994,22,48.63
754.0,1994,22,48.67
754.0,1994,22,48.70
754.0,1994,22,48.73
754.0,1994,22,48.74
754.0,1994,22,48.78
754.0,1994,22,48.79
754.0,1994,22,48.80
754.0,1994,22,48.86
754.0,1994,22,48.86
754.0,1994,22,48.88
754.0,1994,22,48.88
755.0,1994,22,48.91
755.0,1994,22,48.93
755.0,1994,22,48.95
755.0,1994,22,48.98
755.0,1994,22,49.08
755.0,1994,22,49.11
755.0,1994,22,49.12
755.0,1994,22,49.12
756.0,1994,22,49.15
756.0,1994,22,49.18
756.0,1994,22,49.22
756.0,1994,22,49.27
756.0,1994,22,49.33
756.0,1994,22,49.33
756.0,1994,22,49.38
757.0,1994,22,49.40
757.0,1994,22,49.42
757.0,1994,22,49.50
757.0,1994,22,49.52
757.0,1994,21,49.54
757.0,1994,22,49.56
757.0,1994,22,49.58
757.0,1994,22,49.58
757.0,1994,21,49.59
757.0,1994,21,49.66
758.0,1994,21,49.69
758.0,1994,21,49.70
758.0,1994,21,49.70
758.0,1994,21,49.73
758.0,1994,21,49.77
758.0,1994,21,49.77
758.0,1994,21,49.83
758.0,1994,21,49.84
758.0,1994,21,49.88
758.0,1994,21,49.89
759.0,1994,21,49.90
759.0,1994,21,49.91
760.0,1994,21,50.07
760.0,1994,21,50.09
760.0,1994,21,50.10
760.0,1994,21,50.11
760.0,1995,21,50.14
760.0,1994,21,50.18
760.0,1995,21,50.21
761.0,1995,21,50.22
761.0,1995,21,50.25
761.0,1995,21,50.25
761.0,1995,21,50.27
761.0,1995,21,50.29
761.0,1995,21,50.29
761.0,1995,21,50.30
761.0,1995,21,50.32
762.0,1995,21,50.33
762.0,1995,21,50.33
763.0,1995,21,50.36
763.0,1995,20,50.37
763.0,1995,20,50.39
763.0,1995,20,50.40
763.0,1995,20,50.45
763.0,1995,21,50.46
763.0,1995,20,50.48
764.0,1995,20,50.55
764.0,1995,20,50.55
764.0,1995,20,50.56
764.0,1995,20,50.57
764.0,1995,20,50.60
764.0,1995,20,50.61
764.0,1995,20,50.62
764.0,1995,20,50.65
764.0,1995,20,50.65
764.0,1995,20,50.68
765.0,1995,20,50.69
765.0,1995,20,50.73
765.0,1995,20,50.74
765.0,1995,20,50.75
765.0,1995,20,50.79
765.0,1995,20,50.82
766.0,1995,20,50.85
766.0,1995,20,50.85
766.0,1995,20,50.88
766.0,1995,20,50.92
766.0,1995,20,50.93
766.0,1995,20,50.99
766.0,1995,20,51.06
767.0,1995,20,51.09
767.0,1995,20,51.09
767.0,1995,20,51.10
767.0,1995,20,51.11
767.0,1995,20,51.13
768.0,1995,20,51.14
768.0,1995,19,51.16
768.0,1995,20,51.18
768.0,1995,20,51.21
768.0,1995,19,51.21
768.0,1995,19,51.23
768.0,1995,19,51.26
768.0,1995,19,51.31
768.0,1995,19,51.33
769.0,1995,19,51.34
769.0,1995,19,51.39
769.0,1995,19,51.41
769.0,1995,19,51.41
770.0,1995,19,51.44
770.0,1995,19,51.46
770.0,1995,19,51.50
770.0,1995,19,51.53
770.0,1995,19,51.54
771.0,1995,19,51.55
771.0,1995,19,51.55
771.0,1995,19,51.57
771.0,1995,19,51.74
771.0,1995,19,51.80
771.0,1995,19,51.81
771.0,1995,19,51.82
772.0,1995,19,51.83
772.0,1995,19,51.83
771.0,1995,19,51.83
772.0,1995,19,51.86
772.0,1995,19,51.90
772.0,1995,19,51.91
772.0,1995,19,51.91
773.0,1995,19,51.95
772.0,1995,19,51.95
773.0,1995,19,51.96
773.0,1995,19,51.97
773.0,1995,19,51.97
773.0,1995,19,51.98
773.0,1995,19,52.00
774.0,1995,19,52.08
774.0,1995,19,52.08
774.0,1995,19,52.11
774.0,1995,19,52.13
774.0,1995,19,52.13
774.0,1995,19,52.15
774.0,1995,19,52.20
774.0,1995,18,52.22
774.0,1995,19,52.22
774.0,1995,18,52.23
775.0,1996,18,52.26
775.0,1996,18,52.33
775.0,1996,18,52.39
775.0,1996,18,52.39
775.0,1996,18,52.42
775.0,1996,18,52.45
775.0,1996,18,52.47
775.0,1996,18,52.49
775.0,1996,18,52.49
775.0,1996,18,52.50
776.0,1996,18,52.52
776.0,1996,18,52.52
776.0,1996,18,52.55
776.0,1996,18,52.56
776.0,1996,18,52.61
776.0,1996,18,52.61
776.0,1996,18,52.62
777.0,1996,18,52.63
777.0,1996,18,52.68
777.0,1996,18,52.68
777.0,1996,18,52.69
778.0,1996,18,52.74
778.0,1996,18,52.75
778.0,1996,18,52.76
778.0,1996,18,52.76
778.0,1996,18,52.85
778.0,1996,18,52.86
778.0,1996,18,52.87
779.0,1996,18,52.90
779.0,1996,18,52.92
779.0,1996,18,52.93
779.0,1996,18,52.95
779.0,1996,18,52.96
780.0,1996,18,52.97
780.0,1996,18,52.97
780.0,1996,18,53.01
780.0,1996,17,53.02
780.0,1996,18,53.08
780.0,1996,18,53.25
780.0,1996,18,53.38
780.0,1996,17,53.42
780.0,1996,17,53.43
780.0,1996,17,53.43
781.0,1996,17,53.44
781.0,1996,17,53.45
781.0,1996,17,53.49
781.0,1996,17,53.49
781.0,1996,17,53.50
781.0,1996,17,53.50
782.0,1996,17,53.51
782.0,1996,17,53.53
782.0,1996,17,53.55
782.0,1996,17,53.57
782.0,1996,17,53.60
783.0,1996,17,53.63
783.0,1996,17,53.63
783.0,1996,17,53.64
783.0,1996,17,53.64
783.0,1996,17,53.74
784.0,1996,17,53.79
784.0,1996,17,53.81
785.0,1996,17,53.83
785.0,1996,17,53.89
786.0,1996,17,53.91
786.0,1996,17,53.93
786.0,1996,17,53.93
786.0,1996,17,53.96
786.0,1996,17,53.98
787.0,1996,17,54.02
787.0,1996,17,54.06
787.0,1996,17,54.11
787.0,1996,17,54.12
788.0,1997,17,54.14
788.0,1996,17,54.15
788.0,1996,17,54.17
788.0,1997,17,54.18
788.0,1997,17,54.22
789.0,1997,16,54.24
789.0,1997,17,54.25
789.0,1997,17,54.27
789.0,1997,16,54.27
789.0,1997,17,54.27
789.0,1997,16,54.39
790.0,1997,16,54.40
790.0,1997,16,54.49
790.0,1997,16,54.53
790.0,1997,16,54.54
790.0,1997,16,54.55
790.0,1997,16,54.58
790.0,1997,16,54.59
790.0,1997,16,54.61
790.0,1997,16,54.63
791.0,1997,16,54.73
791.0,1997,16,54.87
791.0,1997,16,54.90
792.0,1997,16,54.92
792.0,1997,16,54.92
792.0,1997,16,54.98
792.0,1997,16,54.98
793.0,1997,16,55.02
793.0,1997,15,55.04
793.0,1997,15,55.09
793.0,1997,15,55.09
794.0,1997,15,55.18
794.0,1997,15,55.19
794.0,1997,15,55.22
795.0,1997,15,55.26
795.0,1997,15,55.29
795.0,1997,15,55.32
795.0,1997,15,55.34
795.0,1997,15,55.38
795.0,1997,15,55.45
795.0,1997,15,55.45
796.0,1997,15,55.48
796.0,1997,15,55.51
796.0,1997,15,55.54
797.0,1997,15,55.56
797.0,1997,15,55.58
797.0,1997,15,55.66
798.0,1997,15,55.69
798.0,1997,15,55.76
798.0,1997,15,55.80
798.0,1997,15,55.86
798.0,1997,15,55.91
798.0,1997,15,55.92
799.0,1997,15,55.93
799.0,1997,15,55.96
799.0,1997,15,55.97
799.0,1997,15,55.99
800.0,1997,15,56.05
799.0,1997,15,56.05
800.0,1997,15,56.08
800.0,1997,15,56.09
801.0,1997,14,56.18
801.0,1997,14,56.19
801.0,1997,14,56.29
802.0,1997,14,56.30
803.0,1997,14,56.40
803.0,1997,14,56.42
803.0,1997,14,56.44
803.0,1997,14,56.44
803.0,1997,14,56.45
803.0,1997,14,56.47
804.0,1997,14,56.48
804.0,1997,14,56.49
804.0,1997,14,56.50
805.0,1997,14,56.51
805.0,1998,14,56.58
806.0,1998,14,56.61
806.0,1998,14,56.71
806.0,1998,14,56.77
806.0,1998,14,56.77
807.0,1998,14,56.79
807.0,1998,14,56.83
807.0,1998,14,56.84
807.0,1998,14,56.85
807.0,1998,14,56.88
807.0,1998,14,56.95
808.0,1998,14,56.97
808.0,1998,14,56.99
808.0,1998,14,56.99
808.0,1998,14,56.99
808.0,1998,14,57.01
808.0,1998,14,57.03
809.0,1998,13,57.06
809.0,1998,13,57.11
809.0,1998,13,57.15
809.0,1998,13,57.15
809.0,1998,13,57.18
809.0,1998,13,57.19
809.0,1998,13,57.21
810.0,1998,13,57.26
810.0,1998,13,57.51
810.0,1998,13,57.53
812.0,1998,13,57.56
810.0,1998,13,57.56
812.0,1998,13,57.59
812.0,1998,13,57.68
812.0,1998,13,57.71
812.0,1998,13,57.83
813.0,1998,13,57.85
813.0,1998,13,57.91
814.0,1998,13,58.01
814.0,1998,13,58.03
814.0,1998,13,58.07
815.0,1998,13,58.16
815.0,1998,13,58.17
815.0,1998,13,58.23
816.0,1998,13,58.23
817.0,1998,13,58.25
817.0,1998,13,58.25
817.0,1998,13,58.26
818.0,1998,13,58.30
818.0,1998,13,58.31
818.0,1998,13,58.38
819.0,1998,12,58.39
819.0,1998,12,58.41
819.0,1998,12,58.45
819.0,1998,12,58.46
819.0,1998,12,58.54
820.0,1999,12,58.58
821.0,1999,12,58.60
821.0,1999,12,58.65
821.0,1999,12,58.68
821.0,1999,12,58.75
821.0,1999,12,58.84
822.0,1999,12,58.87
823.0,1999,12,58.92
822.0,1999,12,58.92
823.0,1999,12,58.93
823.0,1999,12,58.94
824.0,1999,12,58.96
824.0,1999,12,58.96
824.0,1999,12,58.98
824.0,1999,12,58.99
825.0,1999,12,59.07
825.0,1999,12,59.14
826.0,1999,11,59.18
826.0,1999,11,59.18
826.0,1999,12,59.21
826.0,1999,11,59.23
827.0,1999,11,59.27
827.0,1999,11,59.32
828.0,1999,11,59.33
828.0,1999,11,59.35
828.0,1999,11,59.38
829.0,1999,11,59.42
830.0,1999,11,59.44
830.0,1999,11,59.49
830.0,1999,11,59.53
831.0,1999,11,59.57
830.0,1999,11,59.57
830.0,1999,11,59.57
831.0,1999,11,59.65
831.0,1999,11,59.66
831.0,1999,11,59.80
831.0,1999,11,59.81
831.0,1999,11,59.84
832.0,1999,11,60.11
832.0,1999,11,60.13
832.0,1999,11,60.14
832.0,1999,11,60.15
832.0,1999,11,60.19
833.0,1999,11,60.23
833.0,1999,11,60.25
833.0,1999,11,60.27
833.0,1999,11,60.29
834.0,2000,11,60.31
835.0,2000,10,60.35
835.0,2000,11,60.44
835.0,2000,11,60.44
836.0,2000,10,60.49
835.0,2000,10,60.49
836.0,2000,10,60.51
837.0,2000,10,60.54
837.0,2000,10,60.59
838.0,2000,10,60.63
838.0,2000,10,60.70
839.0,2000,10,60.81
839.0,2000,10,60.84
839.0,2000,10,60.84
840.0,2000,10,60.86
840.0,2000,10,60.93
841.0,2000,10,60.94
842.0,2000,10,61.00
842.0,2000,10,61.08
842.0,2000,10,61.13
843.0,2000,10,61.16
843.0,2000,10,61.32
843.0,2000,10,61.46
845.0,2000,10,61.52
846.0,2000,10,61.54
846.0,2000,9,61.58
846.0,2000,9,61.64
847.0,2000,9,61.66
847.0,2000,9,61.67
847.0,2000,9,61.76
847.0,2000,9,61.78
848.0,2000,9,61.82
848.0,2000,9,62.03
848.0,2000,9,62.08
849.0,2000,9,62.09
849.0,2000,9,62.12
850.0,2000,9,62.23
850.0,2000,9,62.44
851.0,2000,9,62.54
851.0,2000,9,62.65
851.0,2000,9,62.68
851.0,2000,9,62.78
852.0,2001,9,62.85
853.0,2001,9,62.98
853.0,2001,9,63.05
854.0,2001,9,63.07
854.0,2001,9,63.16
854.0,2001,9,63.25
854.0,2001,9,63.36
854.0,2001,9,63.39
855.0,2001,8,63.46
856.0,2001,8,63.50
856.0,2001,8,63.57
856.0,2001,8,63.59
856.0,2001,8,63.61
857.0,2001,8,63.71
858.0,2001,8,63.78
859.0,2001,8,63.87
860.0,2001,8,63.90
861.0,2001,8,64.00
860.0,2001,8,64.00
861.0,2001,8,64.07
862.0,2001,8,64.24
863.0,2001,8,64.38
863.0,2001,8,64.42
864.0,2001,8,64.45
864.0,2001,8,64.50
864.0,2001,8,64.52
864.0,2001,8,64.66
865.0,2001,8,64.69
865.0,2001,8,64.70
865.0,2001,8,64.78
867.0,2001,8,64.81
869.0,2001,8,64.82
870.0,2001,7,64.83
870.0,2001,7,64.86
871.0,2002,7,64.87
871.0,2002,7,64.87
871.0,2002,7,64.89
871.0,2002,7,64.93
872.0,2002,7,64.94
873.0,2002,7,64.95
873.0,2002,7,64.97
875.0,2002,7,65.10
875.0,2002,7,65.16
875.0,2002,7,65.17
875.0,2002,7,65.31
875.0,2002,7,65.35
876.0,2002,7,65.44
876.0,2002,6,65.54
876.0,2002,7,65.56
877.0,2002,6,65.76
879.0,2002,6,65.81
879.0,2002,6,65.95
880.0,2002,6,66.05
880.0,2002,6,66.06
880.0,2002,6,66.14
880.0,2002,6,66.39
881.0,2002,6,66.40
882.0,2003,6,66.45
882.0,2002,6,66.51
882.0,2002,6,66.56
882.0,2002,6,66.66
883.0,2003,6,66.74
883.0,2003,6,67.01
884.0,2003,6,67.05
884.0,2003,6,67.06
884.0,2003,6,67.24
885.0,2003,6,67.31
885.0,2003,6,67.53
887.0,2003,6,67.70
887.0,2003,6,67.88
887.0,2003,5,68.02
887.0,2003,5,68.08
888.0,2004,5,68.09
888.0,2004,5,68.19
889.0,2004,5,68.46
889.0,2004,5,69.09
890.0,2004,5,69.21
892.0,2004,5,69.24
893.0,2004,5,69.31
893.0,2004,5,69.42
900.0,2004,5,69.60
901.0,2004,5,69.68
901.0,2004,5,69.90
905.0,2004,5,69.96
906.0,2004,5,70.09
906.0,2004,5,70.34
906.0,2004,5,70.41
907.0,2004,5,70.64
907.0,2004,5,70.72
907.0,2004,5,70.75
908.0,2004,4,70.99
908.0,2004,4,71.05
912.0,2004,4,71.06
913.0,2004,4,71.07
914.0,2005,4,71.14
916.0,2005,4,71.30
917.0,2005,4,71.32
918.0,2005,4,71.33
918.0,2005,4,71.60
919.0,2005,4,71.71
920.0,2005,4,72.32
921.0,2005,4,72.40
923.0,2005,4,72.60
924.0,2005,4,72.74
925.0,2005,4,73.09
925.0,2006,4,73.09
925.0,2006,3,73.15
925.0,2006,3,73.41
925.0,2006,3,73.52
926.0,2006,3,73.77
927.0,2006,3,73.84
929.0,2006,3,74.22
929.0,2006,3,74.32
930.0,2006,3,74.57
930.0,2006,3,74.71
932.0,2006,3,74.85
932.0,2007,3,74.89
933.0,2007,3,75.76
935.0,2007,3,75.87
937.0,2007,3,76.44
941.0,2007,3,76.45
942.0,2007,3,77.10
943.0,2007,2,78.12
946.0,2008,2,78.16
946.0,2008,2,78.38
947.0,2008,2,78.66
954.0,2009,2,78.83
956.0,2009,2,79.28
961.0,2009,2,79.30
975.0,2009,2,80.99
982.0,2010,2,81.18
984.0,2010,2,81.65
985.0,2010,2,85.03
1000.0,2010,2,85.26
1004.0,2012,2,85.88
1009.0,2013,2,92.51
